--
-- PostgreSQL database dump
--

-- Dumped from database version 17.2
-- Dumped by pg_dump version 17.2

SET statement_timeout = 0;
SET lock_timeout = 0;
SET idle_in_transaction_session_timeout = 0;
SET transaction_timeout = 0;
SET client_encoding = 'UTF8';
SET standard_conforming_strings = on;
SELECT pg_catalog.set_config('search_path', '', false);
SET check_function_bodies = false;
SET xmloption = content;
SET client_min_messages = warning;
SET row_security = off;

SET default_tablespace = '';

SET default_table_access_method = heap;

--
-- Name: answers; Type: TABLE; Schema: public; Owner: postgres
--

CREATE TABLE public.answers (
    id integer NOT NULL,
    question_id integer,
    answer boolean,
    user_id integer,
    answer_value integer
);


ALTER TABLE public.answers OWNER TO postgres;

--
-- Name: answers_id_seq; Type: SEQUENCE; Schema: public; Owner: postgres
--

CREATE SEQUENCE public.answers_id_seq
    AS integer
    START WITH 1
    INCREMENT BY 1
    NO MINVALUE
    NO MAXVALUE
    CACHE 1;


ALTER SEQUENCE public.answers_id_seq OWNER TO postgres;

--
-- Name: answers_id_seq; Type: SEQUENCE OWNED BY; Schema: public; Owner: postgres
--

ALTER SEQUENCE public.answers_id_seq OWNED BY public.answers.id;


--
-- Name: auth_group; Type: TABLE; Schema: public; Owner: postgres
--

CREATE TABLE public.auth_group (
    id integer NOT NULL,
    name character varying(150) NOT NULL
);


ALTER TABLE public.auth_group OWNER TO postgres;

--
-- Name: auth_group_id_seq; Type: SEQUENCE; Schema: public; Owner: postgres
--

ALTER TABLE public.auth_group ALTER COLUMN id ADD GENERATED BY DEFAULT AS IDENTITY (
    SEQUENCE NAME public.auth_group_id_seq
    START WITH 1
    INCREMENT BY 1
    NO MINVALUE
    NO MAXVALUE
    CACHE 1
);


--
-- Name: auth_group_permissions; Type: TABLE; Schema: public; Owner: postgres
--

CREATE TABLE public.auth_group_permissions (
    id bigint NOT NULL,
    group_id integer NOT NULL,
    permission_id integer NOT NULL
);


ALTER TABLE public.auth_group_permissions OWNER TO postgres;

--
-- Name: auth_group_permissions_id_seq; Type: SEQUENCE; Schema: public; Owner: postgres
--

ALTER TABLE public.auth_group_permissions ALTER COLUMN id ADD GENERATED BY DEFAULT AS IDENTITY (
    SEQUENCE NAME public.auth_group_permissions_id_seq
    START WITH 1
    INCREMENT BY 1
    NO MINVALUE
    NO MAXVALUE
    CACHE 1
);


--
-- Name: auth_permission; Type: TABLE; Schema: public; Owner: postgres
--

CREATE TABLE public.auth_permission (
    id integer NOT NULL,
    name character varying(255) NOT NULL,
    content_type_id integer NOT NULL,
    codename character varying(100) NOT NULL
);


ALTER TABLE public.auth_permission OWNER TO postgres;

--
-- Name: auth_permission_id_seq; Type: SEQUENCE; Schema: public; Owner: postgres
--

ALTER TABLE public.auth_permission ALTER COLUMN id ADD GENERATED BY DEFAULT AS IDENTITY (
    SEQUENCE NAME public.auth_permission_id_seq
    START WITH 1
    INCREMENT BY 1
    NO MINVALUE
    NO MAXVALUE
    CACHE 1
);


--
-- Name: auth_user; Type: TABLE; Schema: public; Owner: postgres
--

CREATE TABLE public.auth_user (
    id integer NOT NULL,
    password character varying(128) NOT NULL,
    last_login timestamp with time zone,
    is_superuser boolean NOT NULL,
    username character varying(150) NOT NULL,
    first_name character varying(150) NOT NULL,
    last_name character varying(150) NOT NULL,
    email character varying(254) NOT NULL,
    is_staff boolean NOT NULL,
    is_active boolean NOT NULL,
    date_joined timestamp with time zone NOT NULL
);


ALTER TABLE public.auth_user OWNER TO postgres;

--
-- Name: auth_user_groups; Type: TABLE; Schema: public; Owner: postgres
--

CREATE TABLE public.auth_user_groups (
    id bigint NOT NULL,
    user_id integer NOT NULL,
    group_id integer NOT NULL
);


ALTER TABLE public.auth_user_groups OWNER TO postgres;

--
-- Name: auth_user_groups_id_seq; Type: SEQUENCE; Schema: public; Owner: postgres
--

ALTER TABLE public.auth_user_groups ALTER COLUMN id ADD GENERATED BY DEFAULT AS IDENTITY (
    SEQUENCE NAME public.auth_user_groups_id_seq
    START WITH 1
    INCREMENT BY 1
    NO MINVALUE
    NO MAXVALUE
    CACHE 1
);


--
-- Name: auth_user_id_seq; Type: SEQUENCE; Schema: public; Owner: postgres
--

ALTER TABLE public.auth_user ALTER COLUMN id ADD GENERATED BY DEFAULT AS IDENTITY (
    SEQUENCE NAME public.auth_user_id_seq
    START WITH 1
    INCREMENT BY 1
    NO MINVALUE
    NO MAXVALUE
    CACHE 1
);


--
-- Name: auth_user_user_permissions; Type: TABLE; Schema: public; Owner: postgres
--

CREATE TABLE public.auth_user_user_permissions (
    id bigint NOT NULL,
    user_id integer NOT NULL,
    permission_id integer NOT NULL
);


ALTER TABLE public.auth_user_user_permissions OWNER TO postgres;

--
-- Name: auth_user_user_permissions_id_seq; Type: SEQUENCE; Schema: public; Owner: postgres
--

ALTER TABLE public.auth_user_user_permissions ALTER COLUMN id ADD GENERATED BY DEFAULT AS IDENTITY (
    SEQUENCE NAME public.auth_user_user_permissions_id_seq
    START WITH 1
    INCREMENT BY 1
    NO MINVALUE
    NO MAXVALUE
    CACHE 1
);


--
-- Name: django_admin_log; Type: TABLE; Schema: public; Owner: postgres
--

CREATE TABLE public.django_admin_log (
    id integer NOT NULL,
    action_time timestamp with time zone NOT NULL,
    object_id text,
    object_repr character varying(200) NOT NULL,
    action_flag smallint NOT NULL,
    change_message text NOT NULL,
    content_type_id integer,
    user_id integer NOT NULL,
    CONSTRAINT django_admin_log_action_flag_check CHECK ((action_flag >= 0))
);


ALTER TABLE public.django_admin_log OWNER TO postgres;

--
-- Name: django_admin_log_id_seq; Type: SEQUENCE; Schema: public; Owner: postgres
--

ALTER TABLE public.django_admin_log ALTER COLUMN id ADD GENERATED BY DEFAULT AS IDENTITY (
    SEQUENCE NAME public.django_admin_log_id_seq
    START WITH 1
    INCREMENT BY 1
    NO MINVALUE
    NO MAXVALUE
    CACHE 1
);


--
-- Name: django_content_type; Type: TABLE; Schema: public; Owner: postgres
--

CREATE TABLE public.django_content_type (
    id integer NOT NULL,
    app_label character varying(100) NOT NULL,
    model character varying(100) NOT NULL
);


ALTER TABLE public.django_content_type OWNER TO postgres;

--
-- Name: django_content_type_id_seq; Type: SEQUENCE; Schema: public; Owner: postgres
--

ALTER TABLE public.django_content_type ALTER COLUMN id ADD GENERATED BY DEFAULT AS IDENTITY (
    SEQUENCE NAME public.django_content_type_id_seq
    START WITH 1
    INCREMENT BY 1
    NO MINVALUE
    NO MAXVALUE
    CACHE 1
);


--
-- Name: django_migrations; Type: TABLE; Schema: public; Owner: postgres
--

CREATE TABLE public.django_migrations (
    id bigint NOT NULL,
    app character varying(255) NOT NULL,
    name character varying(255) NOT NULL,
    applied timestamp with time zone NOT NULL
);


ALTER TABLE public.django_migrations OWNER TO postgres;

--
-- Name: django_migrations_id_seq; Type: SEQUENCE; Schema: public; Owner: postgres
--

ALTER TABLE public.django_migrations ALTER COLUMN id ADD GENERATED BY DEFAULT AS IDENTITY (
    SEQUENCE NAME public.django_migrations_id_seq
    START WITH 1
    INCREMENT BY 1
    NO MINVALUE
    NO MAXVALUE
    CACHE 1
);


--
-- Name: django_session; Type: TABLE; Schema: public; Owner: postgres
--

CREATE TABLE public.django_session (
    session_key character varying(40) NOT NULL,
    session_data text NOT NULL,
    expire_date timestamp with time zone NOT NULL
);


ALTER TABLE public.django_session OWNER TO postgres;

--
-- Name: main_userprofile; Type: TABLE; Schema: public; Owner: postgres
--

CREATE TABLE public.main_userprofile (
    user_id integer NOT NULL,
    is_admin boolean NOT NULL,
    created_by_id integer
);


ALTER TABLE public.main_userprofile OWNER TO postgres;

--
-- Name: questions; Type: TABLE; Schema: public; Owner: postgres
--

CREATE TABLE public.questions (
    quest text,
    num bigint NOT NULL,
    y double precision,
    n double precision
);


ALTER TABLE public.questions OWNER TO postgres;

--
-- Name: answers id; Type: DEFAULT; Schema: public; Owner: postgres
--

ALTER TABLE ONLY public.answers ALTER COLUMN id SET DEFAULT nextval('public.answers_id_seq'::regclass);


--
-- Data for Name: answers; Type: TABLE DATA; Schema: public; Owner: postgres
--

COPY public.answers (id, question_id, answer, user_id, answer_value) FROM stdin;
13	2	t	1	1
15	4	f	1	1
14	3	f	1	1
12	1	f	1	\N
16	5	t	1	\N
17	6	f	1	\N
18	7	t	1	\N
19	8	f	1	1
20	1	t	3	1
22	3	t	3	\N
23	4	f	3	1
24	5	t	3	\N
25	6	t	3	1
26	7	t	3	\N
27	8	t	3	\N
29	10	f	3	1
30	11	f	3	\N
31	12	t	3	\N
28	9	t	3	\N
21	2	t	3	1
\.


--
-- Data for Name: auth_group; Type: TABLE DATA; Schema: public; Owner: postgres
--

COPY public.auth_group (id, name) FROM stdin;
\.


--
-- Data for Name: auth_group_permissions; Type: TABLE DATA; Schema: public; Owner: postgres
--

COPY public.auth_group_permissions (id, group_id, permission_id) FROM stdin;
\.


--
-- Data for Name: auth_permission; Type: TABLE DATA; Schema: public; Owner: postgres
--

COPY public.auth_permission (id, name, content_type_id, codename) FROM stdin;
1	Can add log entry	1	add_logentry
2	Can change log entry	1	change_logentry
3	Can delete log entry	1	delete_logentry
4	Can view log entry	1	view_logentry
5	Can add permission	2	add_permission
6	Can change permission	2	change_permission
7	Can delete permission	2	delete_permission
8	Can view permission	2	view_permission
9	Can add group	3	add_group
10	Can change group	3	change_group
11	Can delete group	3	delete_group
12	Can view group	3	view_group
13	Can add user	4	add_user
14	Can change user	4	change_user
15	Can delete user	4	delete_user
16	Can view user	4	view_user
17	Can add content type	5	add_contenttype
18	Can change content type	5	change_contenttype
19	Can delete content type	5	delete_contenttype
20	Can view content type	5	view_contenttype
21	Can add session	6	add_session
22	Can change session	6	change_session
23	Can delete session	6	delete_session
24	Can view session	6	view_session
25	Can add answers	7	add_answers
26	Can change answers	7	change_answers
27	Can delete answers	7	delete_answers
28	Can view answers	7	view_answers
29	Can add questions	8	add_questions
30	Can change questions	8	change_questions
31	Can delete questions	8	delete_questions
32	Can view questions	8	view_questions
33	Can add auth group	9	add_authgroup
34	Can change auth group	9	change_authgroup
35	Can delete auth group	9	delete_authgroup
36	Can view auth group	9	view_authgroup
37	Can add auth group permissions	10	add_authgrouppermissions
38	Can change auth group permissions	10	change_authgrouppermissions
39	Can delete auth group permissions	10	delete_authgrouppermissions
40	Can view auth group permissions	10	view_authgrouppermissions
41	Can add auth permission	11	add_authpermission
42	Can change auth permission	11	change_authpermission
43	Can delete auth permission	11	delete_authpermission
44	Can view auth permission	11	view_authpermission
45	Can add auth user	12	add_authuser
46	Can change auth user	12	change_authuser
47	Can delete auth user	12	delete_authuser
48	Can view auth user	12	view_authuser
49	Can add auth user groups	13	add_authusergroups
50	Can change auth user groups	13	change_authusergroups
51	Can delete auth user groups	13	delete_authusergroups
52	Can view auth user groups	13	view_authusergroups
53	Can add auth user user permissions	14	add_authuseruserpermissions
54	Can change auth user user permissions	14	change_authuseruserpermissions
55	Can delete auth user user permissions	14	delete_authuseruserpermissions
56	Can view auth user user permissions	14	view_authuseruserpermissions
57	Can add django admin log	15	add_djangoadminlog
58	Can change django admin log	15	change_djangoadminlog
59	Can delete django admin log	15	delete_djangoadminlog
60	Can view django admin log	15	view_djangoadminlog
61	Can add django content type	16	add_djangocontenttype
62	Can change django content type	16	change_djangocontenttype
63	Can delete django content type	16	delete_djangocontenttype
64	Can view django content type	16	view_djangocontenttype
65	Can add django migrations	17	add_djangomigrations
66	Can change django migrations	17	change_djangomigrations
67	Can delete django migrations	17	delete_djangomigrations
68	Can view django migrations	17	view_djangomigrations
69	Can add django session	18	add_djangosession
70	Can change django session	18	change_djangosession
71	Can delete django session	18	delete_djangosession
72	Can view django session	18	view_djangosession
73	Can add user profile	19	add_userprofile
74	Can change user profile	19	change_userprofile
75	Can delete user profile	19	delete_userprofile
76	Can view user profile	19	view_userprofile
\.


--
-- Data for Name: auth_user; Type: TABLE DATA; Schema: public; Owner: postgres
--

COPY public.auth_user (id, password, last_login, is_superuser, username, first_name, last_name, email, is_staff, is_active, date_joined) FROM stdin;
1	pbkdf2_sha256$870000$SygKRjh8VCkukeSCrpwDNx$MV1P8GVUb/R+Do9Z9hWvwzz1DrOx3tFbKn3ktk6jaoc=	2025-03-02 15:12:35.316542+05	f	testuser				f	t	2025-02-26 21:15:41.065649+05
2	pbkdf2_sha256$870000$VpmiSB37RsPmvynuXk6kwP$NctF/mOE4iWSKPJCUQbrGYUNvps1DHZCQ8J9TPA7exM=	2025-03-15 21:11:27.337205+05	f	admin1				f	t	2025-03-15 20:50:27.390803+05
3	pbkdf2_sha256$870000$VflOctkXMusiti5OtNVYex$76nZhLTIxSTQhYA5tAaOHdkzTMRzp0jwIgfG2b/MSp4=	2025-03-26 22:10:14.595918+05	f	participant1				f	t	2025-03-15 20:50:48.599931+05
\.


--
-- Data for Name: auth_user_groups; Type: TABLE DATA; Schema: public; Owner: postgres
--

COPY public.auth_user_groups (id, user_id, group_id) FROM stdin;
\.


--
-- Data for Name: auth_user_user_permissions; Type: TABLE DATA; Schema: public; Owner: postgres
--

COPY public.auth_user_user_permissions (id, user_id, permission_id) FROM stdin;
\.


--
-- Data for Name: django_admin_log; Type: TABLE DATA; Schema: public; Owner: postgres
--

COPY public.django_admin_log (id, action_time, object_id, object_repr, action_flag, change_message, content_type_id, user_id) FROM stdin;
\.


--
-- Data for Name: django_content_type; Type: TABLE DATA; Schema: public; Owner: postgres
--

COPY public.django_content_type (id, app_label, model) FROM stdin;
1	admin	logentry
2	auth	permission
3	auth	group
4	auth	user
5	contenttypes	contenttype
6	sessions	session
7	main	answers
8	main	questions
9	main	authgroup
10	main	authgrouppermissions
11	main	authpermission
12	main	authuser
13	main	authusergroups
14	main	authuseruserpermissions
15	main	djangoadminlog
16	main	djangocontenttype
17	main	djangomigrations
18	main	djangosession
19	main	userprofile
\.


--
-- Data for Name: django_migrations; Type: TABLE DATA; Schema: public; Owner: postgres
--

COPY public.django_migrations (id, app, name, applied) FROM stdin;
1	contenttypes	0001_initial	2025-02-26 16:38:27.299633+05
2	auth	0001_initial	2025-02-26 16:38:27.417502+05
3	admin	0001_initial	2025-02-26 16:38:27.44462+05
4	admin	0002_logentry_remove_auto_add	2025-02-26 16:38:27.450893+05
5	admin	0003_logentry_add_action_flag_choices	2025-02-26 16:38:27.460292+05
6	contenttypes	0002_remove_content_type_name	2025-02-26 16:38:27.475648+05
7	auth	0002_alter_permission_name_max_length	2025-02-26 16:38:27.482379+05
8	auth	0003_alter_user_email_max_length	2025-02-26 16:38:27.488192+05
9	auth	0004_alter_user_username_opts	2025-02-26 16:38:27.495899+05
10	auth	0005_alter_user_last_login_null	2025-02-26 16:38:27.504942+05
11	auth	0006_require_contenttypes_0002	2025-02-26 16:38:27.506846+05
12	auth	0007_alter_validators_add_error_messages	2025-02-26 16:38:27.512687+05
13	auth	0008_alter_user_username_max_length	2025-02-26 16:38:27.535948+05
14	auth	0009_alter_user_last_name_max_length	2025-02-26 16:38:27.543221+05
15	auth	0010_alter_group_name_max_length	2025-02-26 16:38:27.552219+05
16	auth	0011_update_proxy_permissions	2025-02-26 16:38:27.557779+05
17	auth	0012_alter_user_first_name_max_length	2025-02-26 16:38:27.563361+05
18	main	0001_initial	2025-02-26 16:38:27.566069+05
19	sessions	0001_initial	2025-02-26 16:38:27.57727+05
20	main	0002_alter_answers_options_alter_questions_options	2025-02-26 16:50:14.714363+05
21	main	0003_answers_question_id	2025-02-26 18:00:12.972091+05
22	main	0002_authgroup_authgrouppermissions_authpermission_and_more	2025-02-26 20:32:30.902036+05
23	main	0003_alter_answers_options	2025-02-27 09:46:32.803236+05
24	main	0004_alter_answers_options_answers_user	2025-02-27 09:49:33.59201+05
25	main	0005_alter_answers_unique_together	2025-02-27 13:43:49.959859+05
26	main	0006_answers_answer_value	2025-03-04 16:05:52.341291+05
27	main	0007_userprofile	2025-03-15 20:47:20.103007+05
\.


--
-- Data for Name: django_session; Type: TABLE DATA; Schema: public; Owner: postgres
--

COPY public.django_session (session_key, session_data, expire_date) FROM stdin;
oox0dxrfw7hztfnrprgxxj50sz3kkska	e30:1tnXXr:B9zBOulwnKP8HubXqu95AWHXKuA81Y0F92vzmVBczn0	2025-03-13 11:38:55.923224+05
pf89tul0j5nfzb8iv0n5mow36e70bl2j	e30:1tnZ0I:cZEOK0Vgqxd9XddE8Z98Dd5CYHdMS1br02k26rrMY3M	2025-03-13 13:12:22.401068+05
grbj6xxn4bl6ac0igzz2csho9uz3vjww	.eJxVjMsOwiAQRf-FtSEBOjC4dO83kBkeUjWQlHZl_Hdt0oVu7znnvkSgba1hG3kJcxJnYcTpd2OKj9x2kO7Ubl3G3tZlZrkr8qBDXnvKz8vh_h1UGvVbawUFFLN1PJWcvE2ssibMeoomOmsBmaGQn8AYr8Aoq5AdgsEEaFG8P-U5Ny0:1ttU7n:RVvTDZiA2B001gahg_io1ZAzF46aTKJHUDjm1wAHSDU	2025-03-29 21:12:35.964727+05
g6on141qc2ap5eykd22bj25nftrkh1fb	.eJxVjMsOwiAQRf-FtSEBOjC4dO83kBkeUjWQlHZl_Hdt0oVu7znnvkSgba1hG3kJcxJnYcTpd2OKj9x2kO7Ubl3G3tZlZrkr8qBDXnvKz8vh_h1UGvVbawUFFLN1PJWcvE2ssibMeoomOmsBmaGQn8AYr8Aoq5AdgsEEaFG8P-U5Ny0:1txUGc:y56BKlxa9BmhFyqKSABLM1HsV3reOEAsQVibXRWUq5g	2025-04-09 22:10:14.64285+05
\.


--
-- Data for Name: main_userprofile; Type: TABLE DATA; Schema: public; Owner: postgres
--

COPY public.main_userprofile (user_id, is_admin, created_by_id) FROM stdin;
2	t	\N
3	f	2
\.


--
-- Data for Name: questions; Type: TABLE DATA; Schema: public; Owner: postgres
--

COPY public.questions (quest, num, y, n) FROM stdin;
1. Иногда мне в голову приходят такие мысли, что лучше никому о них не рассказывать.	1	1	\N
2. Я охотно принимаю участие во всех собраниях и других общественных мероприятиях.	2	1	\N
3. Часто какая-нибудь навязчивая мысль не дает мне заснуть.	3	\N	1
4. Временами у меня бывают приступы смеха или плача, с которыми я никак не могу справиться.	4	\N	1
5. Я сильно теряюсь, оказавшись неожиданно в центр внимания.	5	\N	1
6. Бывали случаи, что я не сдерживал своих обещаний.	6	1	\N
7. Критика, в том виде, в котором ее осуществляют многие люди, скорее выбивают меня из колеи, чем помогают.	7	\N	1
8. У меня часто болит голова.	8	\N	1
9. Если мое удачное замечание осталось незамеченным, я его не повторяю.	9	\N	1
10. Часто я склонен мысленно возвращаться к своим неприятностям, и мне трудно выбросить их из головы.	10	\N	1
11. Иногда я говорю неправду.	11	1	\N
12. В компании я чувствую себя неловко и из-за этого произвожу впечатление хуже, чем мог бы.	12	\N	1
13. Мне бывает трудно заснуть из-за беспокойства по поводу неудачи.	13	\N	1
14. Вставая утром, я часто чувствую себя усталым и разбитым.	14	\N	1
15. Раз в неделю или чаще я безо всякой видимой причины внезапно ощущаю жар во всем теле. 	15	\N	1
16. Мне бывает трудно изложить свои мысли словами, поэтому я редко включаюсь в беседу.	16	\N	1
17. Бывает, что меня беспокоит чувство вины или угрызения совести и-за какого-нибудь пустяка.	17	\N	1
18. Бывало, что я говорил о вещах, в которых не разбираюсь.	18	1	\N
19. Бывает, что я передаю слухи.	19	1	\N
20. У меня бывают очень странные и необычные внутренние переживания.	20	\N	1
21. Уходя из дома, я часто беспокоюсь о том, что нужно сделать сегодня.	21	\N	1
22. Бывает, что у меня без особой причины кружится голова.	22	\N	1
23. Бывает, что я откладываю на завтра то, что нужно сделать сегодня.	23	1	\N
24. Я смущаюсь вступить в спор даже по хорошо известному мне вопросу.	24	\N	1
25. Я чрезмерно чувствителен и легко раним.	25	\N	1
26. Бывало, что я невежливо разговаривал с родителями	26	1	\N
27. Иногда, когда я неважно себя чувствую, я бываю раздражительными.	27	1	\N
28. Мне, безусловно, не хватает уверенности в себе.	28	\N	1
29. Я часто упускаю возможность из-за своей внутренней нерешительности.	29	\N	1
30. Я довольно безразличен к тому, что со мной будет.	30	\N	1
31. Я всегда выполняю то, что мне говорят старшие.	31	1	\N
32. Я остро и длительно переживаю неудачи.	32	\N	1
33. Я склонен принимать все слишком близко к сердцу.	33	\N	1
34. Иногда я хвалю себя.	34	1	\N
35. Я считаю, что моя семейная жизнь такая же хорошая, как и у большинства моих знакомых.	35	1	\N
36. Я часто чувствую себя одиноким и никому ненужным.	36	\N	1
37. Временами я уверен в своей бесполезности.	37	\N	1
38. Мне часто говорят, что я вспыльчив.	38	\N	1
39. В игре я предпочитаю выигрывать.	39	1	\N
40. Мое настроение зависит от общества, в котором я нахожусь.	40	\N	1
41. Сон у меня обычно богат яркими сновидениями.	41	\N	1
42. Последние несколько лет большую часть времени я чувствую себя хорошо.	42	1	\N
43. Сейчас мой вес постоянен (я не худею и не полнею).	43	1	\N
44. Люблю костюмы яркие и броские.	44	\N	1
45. В необычной и привлекающей внимание одежде я чувствую себя прекрасно.	45	\N	1
46. Мне приятно иметь среди своих знакомых значительных людей. Это как бы придает мне вес в собственных глазах.	46	1	\N
47. Я был бы довольно спокоен, если бы у кого-нибудь из моей семьи были неприятности из-за нарушения закона.	47	\N	1
48. Больше всего со стороны окружающих я ценю внимание ко мне.	48	1	\N
49. Я люблю одежду модную и необычную, которая невольно привлекает взоры.	49	\N	1
50. С моим рассудком творится что-то неладное.	50	\N	1
51. Когда я пытаюсь что-то сказать, то часто замечаю, что у меня дрожат руки.	51	\N	1
52. Приключения и риск меня привлекают, когда в них достается первая роль.	52	\N	1
53. Я всегда стремлюсь быть среди людей, чтобы «показать» себя.	53	\N	1
54. Руки у меня такие же ловкие и проворные как и прежде.	54	1	\N
55. Среди моих знакомых есть люди, которые мне не нравятся.	55	1	\N
56. Я люблю опекать кого-нибудь, кто мне нравится.	56	\N	1
57. Я люблю быть первым, чтобы мне подражали, за мной бы следовали другие.	57	\N	1
58. Думаю, что я человек обреченный.	58	\N	1
59. С членами моей семьи ссорюсь  редко (или не ссорюсь совсем).	59	\N	1
60. Иногда я ощущаю комок в горле или другие необычные ощущения.	60	\N	1
61. Я люблю, когда окружающие уделяют мне много внимания.	61	1	\N
62. Бывает, что я с кем-нибудь посплетничаю.	62	\N	1
63. Часто я вижу сны, о которых лучше никому не рассказывать.	63	1	\N
64. Ужасно не люблю всякие правила и ограничения, которые меня стесняют.	64	\N	1
65. Я очень люблю читать о преступлениях и таинственных приключениях.	65	\N	1
66. Бывало, что при обсуждении некоторых вопросов,  я, особенно не задумываясь, соглашался с мнением других. 	66	\N	1
67. В школе я усваивал материал медленнее, чем другие.	67	1	\N
68. Мне нравится участвовать в конкурсах художественной самодеятельности .	68	\N	1
69. Считаю, что очень важно, чтобы результат моей работы стал известен окружающим.	69	\N	1
70. Моя внешность меня, в общем, устраивает.	70	\N	1
71. Я вполне уверен в себе.	71	1	\N
72. Я способен совершить нечто выдающееся.	72	\N	1
73. Мне нравится выступать перед кем-нибудь.	73	\N	1
74. Раз в неделю или чаще я бываю очень возбужденным или взволнованным.	74	\N	1
75. Кто-то управляет моими мыслями.	75	\N	1
76. Я бы согласился выступать в роли конферансье (ведущего) на концерте у какой-нибудь знаменитости.	76	\N	1
77. Меня всегда раздражают люди, которые стремятся быть первыми в компании.	77	\N	1
78. На моё настроение существенно влияет погода.	78	\N	1
79. Бывает, что неприличная или даже непристойная шутка вызывает у меня смех.	79	1	\N
80. У меня портится настроение, я чувствую себя плохо, если окружающие не проявляют ко мне должного внимания.	80	\N	1
81. Мне нравится цитировать необычные (мудрые) высказывания знаменитых людей.	81	\N	1
82. Счастливей всего я бываю, когда один.	82	\N	1
83. Кто-то пытается воздействовать на мои мысли.	83	\N	1
84. В компаниях я почти всегда являюсь центром внимания.	84	\N	1
85. Я отношусь к таким людям, которые умеют восторгаться и преклоняться перед кем или чем-либо.	85	\N	1
86. Я часто копаюсь в своих недостатках.	86	\N	1
87. Даже среди людей я обычно чувствую себя одиноко.	87	\N	1
88. В компании я люблю рассказывать разные истории для того, чтобы завладеть общим вниманием.	88	\N	1
89. Мне нравится заводить знакомства с влиятельными и авторитетными людьми.	89	\N	1
90. Меня легко привести в замешательство.	90	\N	1
91. Я легко теряю терпение с людьми.	91	\N	1
92. Для меня свойственна некоторая капризность.	92	\N	1
93. Мне нравится, когда меня признают главой или зачинщиком.	93	\N	1
94. Часто мне хочется умереть.	94	\N	1
95. Почти каждый день случается что-нибудь, что пугает меня.	95	\N	1
96. Мне доставляет удовольствие совершать рискованные поступки, иногда ради забавы.	96	\N	1
97. У меня есть такие качества, по которым я определенно превосхожу других людей.	97	\N	1
98. Я очень последователен в своих  религиозных убеждениях. 	98	\N	1
99. Приступы плохого настроения у меня бывают редко.	99	1	\N
100. Я часто поступаю по настроению, а не по убеждению.	100	\N	1
101. Часто в споре я перехожу на личности.	101	\N	1
102. Я заслуживаю сурового наказания за свои поступки.	102	\N	1
103. У меня были очень необычные мистические переживания.	103	\N	1
104. Я не пойду на риск, если есть только малая надежда на успех.	104	1	\N
105. Если со мной поступают несправедливо, то я чувствую, что должен отплатить, хотя бы из принципа.	105	\N	1
106. У меня были периоды, когда из-за волнения я терял сон.	106	\N	1
107. Я человек нервный и легковозбудимый.	107	\N	1
108. Временами меня так и подмывает вступить с кем-нибудь в спор.	108	\N	1
109. Временами я так настаиваю на своем, что окружающие теряют со мной терпение.	109	\N	1
110. Мне кажется, что обоняние у меня такое же как и у других (не хуже).	110	1	\N
111. Все у меня получается плохо, не так, как надо.	111	\N	1
112. Я не могу до конца выслушать человека, если он, по моему мнению, говорит глупые вещи.	112	\N	1
113. Иногда мне хочется сделать что-либо опасное или ошеломляющее.	113	\N	1
114. Я почти всегда ощущаю сухость во рту.	114	\N	1
115. Большую часть времени я ощущаю себя усталым.	115	\N	1
116. Иногда я могу не сдержаться и нагрубить, даже если это повредит моим интересам.	116	\N	1
117. Довольно часто я действую под влиянием минутного настроения. 	117	\N	1
118. Иногда я чувствую, что близок к нервному срыву.	118	\N	1
119. Меня очень раздражает то, что я забываю, куда кладу вещи.	119	\N	1
120. Когда на меня кричат, я отвечаю тем же.	120	\N	1
121. Обычно я готов на все, чтобы победить в споре.	121	\N	1
122. Я с трудом переношу время ожидания.	122	\N	1
123. Мне очень трудно приспособиться к новым условиям жизни, работы. Переход к новым условиям жизни, работы кажется невыносимо трудным.	123	\N	1
124. Часто я не уступаю другим не потому, что дело действительно важное, а просто из-за принципа.	124	\N	1
125. У меня часто плохое настроение.	125	\N	1
126. Мне кажется, что по отношению именно ко мне особенно часто поступают несправедливо.	126	\N	1
127. Я часто чувствую себя несправедливо обиженным.	127	\N	1
128. Я, наверное, человек раздражительный и вспыльчивый.	128	\N	1
129. Часто я «завожусь с пол-оборота», быстро злюсь.	129	\N	1
130. Мое мнение часто не совпадает с мнением окружающих.	130	\N	1
131. Я часто испытываю чувство усталости от жизни и мне не хочется жить.	131	\N	1
132. Я против того, чтобы надо мной подшучивали.	132	\N	1
133. Меня сильно раздражают люди, которые лезут без очереди, и я им это высказываю или стараюсь не пускать.	133	\N	1
134. На меня обращают внимание чаще, чем на других.	134	\N	1
135. У меня бывают головные боли и головокружения из-за переживаний.	135	\N	1
136. Иногда я чувствую такую ярость, что хочется что-либо сломать.	136	\N	1
137. Я довольно часто совершаю поступки, о которых потом приходится сожалеть (чаще, чем другие).	137	\N	1
138. Я сильно раздражаюсь, если меня торопят или подгоняют.	138	\N	1
139. Часто у меня бывают периоды, когда мне никого не хочется видеть.	139	\N	1
140. Мне трудно проснуться в назначенный час.	140	\N	1
141. Иногда пустяк, сказанный в мой адрес, способен вызвать бурную реакцию.	141	\N	1
142. Если я считаю, что поступаю правильно, то мнение других людей меня мало интересует.	142	\N	1
143. Если в моих неудачах кто-то виноват, я не оставляю его безнаказанными.	143	\N	1
144. В детстве я был капризный и раздражительный.	144	\N	1
145. Терпеть не могу, если меня перебивают в то время, когда я занят.	145	\N	1
146. Мне очень трудно, почти невозможно смолчать за оскорбление.	146	\N	1
147. Мне известны случаи, когда мои родственники лечились у невропатологов и психиатров.	147	\N	1
148. Иногда я принимаю валериану и другие успокаивающие средства.	148	\N	1
149. Мне часто что-то быстро надоедает и я меняю (работу, место жительства).	149	\N	1
150. Я обычно не считаю нужным скрывать свое презрение или отрицательное  мнение о ком-то или о чем-то.	150	\N	1
151. Я живу своими внутренними мыслями и меня мало интересует окружающее.	151	\N	1
152. Мои идеи и мысли выглядят, как опережающие  время.	152	\N	1
153. Меня трудно рассердить.	153	\N	1
154. Я не очень лажу с людьми: мне не просто находить с ними общий язык.	154	1	\N
155. Я – труднодоступный для контакта человек.	155	\N	1
156. Меня уговорили поступать на эту работу, а самого особого желания нет.	156	\N	1
157. Люди меня считают спокойным и уравновешенным человеком.	157	1	\N
158. Среди моих знакомых (родственников) есть люди употребляющие наркотики.	158	\N	1
159. Временами я сожалею, что живу на этом свете.	159	\N	1
160. Я имею представление как выглядят некоторые наркотики.	160	\N	1
\.


--
-- Name: answers_id_seq; Type: SEQUENCE SET; Schema: public; Owner: postgres
--

SELECT pg_catalog.setval('public.answers_id_seq', 31, true);


--
-- Name: auth_group_id_seq; Type: SEQUENCE SET; Schema: public; Owner: postgres
--

SELECT pg_catalog.setval('public.auth_group_id_seq', 1, false);


--
-- Name: auth_group_permissions_id_seq; Type: SEQUENCE SET; Schema: public; Owner: postgres
--

SELECT pg_catalog.setval('public.auth_group_permissions_id_seq', 1, false);


--
-- Name: auth_permission_id_seq; Type: SEQUENCE SET; Schema: public; Owner: postgres
--

SELECT pg_catalog.setval('public.auth_permission_id_seq', 76, true);


--
-- Name: auth_user_groups_id_seq; Type: SEQUENCE SET; Schema: public; Owner: postgres
--

SELECT pg_catalog.setval('public.auth_user_groups_id_seq', 1, false);


--
-- Name: auth_user_id_seq; Type: SEQUENCE SET; Schema: public; Owner: postgres
--

SELECT pg_catalog.setval('public.auth_user_id_seq', 3, true);


--
-- Name: auth_user_user_permissions_id_seq; Type: SEQUENCE SET; Schema: public; Owner: postgres
--

SELECT pg_catalog.setval('public.auth_user_user_permissions_id_seq', 1, false);


--
-- Name: django_admin_log_id_seq; Type: SEQUENCE SET; Schema: public; Owner: postgres
--

SELECT pg_catalog.setval('public.django_admin_log_id_seq', 1, false);


--
-- Name: django_content_type_id_seq; Type: SEQUENCE SET; Schema: public; Owner: postgres
--

SELECT pg_catalog.setval('public.django_content_type_id_seq', 19, true);


--
-- Name: django_migrations_id_seq; Type: SEQUENCE SET; Schema: public; Owner: postgres
--

SELECT pg_catalog.setval('public.django_migrations_id_seq', 27, true);


--
-- Name: answers answers_pkey; Type: CONSTRAINT; Schema: public; Owner: postgres
--

ALTER TABLE ONLY public.answers
    ADD CONSTRAINT answers_pkey PRIMARY KEY (id);


--
-- Name: answers answers_user_id_question_id_b1fae4d4_uniq; Type: CONSTRAINT; Schema: public; Owner: postgres
--

ALTER TABLE ONLY public.answers
    ADD CONSTRAINT answers_user_id_question_id_b1fae4d4_uniq UNIQUE (user_id, question_id);


--
-- Name: auth_group auth_group_name_key; Type: CONSTRAINT; Schema: public; Owner: postgres
--

ALTER TABLE ONLY public.auth_group
    ADD CONSTRAINT auth_group_name_key UNIQUE (name);


--
-- Name: auth_group_permissions auth_group_permissions_group_id_permission_id_0cd325b0_uniq; Type: CONSTRAINT; Schema: public; Owner: postgres
--

ALTER TABLE ONLY public.auth_group_permissions
    ADD CONSTRAINT auth_group_permissions_group_id_permission_id_0cd325b0_uniq UNIQUE (group_id, permission_id);


--
-- Name: auth_group_permissions auth_group_permissions_pkey; Type: CONSTRAINT; Schema: public; Owner: postgres
--

ALTER TABLE ONLY public.auth_group_permissions
    ADD CONSTRAINT auth_group_permissions_pkey PRIMARY KEY (id);


--
-- Name: auth_group auth_group_pkey; Type: CONSTRAINT; Schema: public; Owner: postgres
--

ALTER TABLE ONLY public.auth_group
    ADD CONSTRAINT auth_group_pkey PRIMARY KEY (id);


--
-- Name: auth_permission auth_permission_content_type_id_codename_01ab375a_uniq; Type: CONSTRAINT; Schema: public; Owner: postgres
--

ALTER TABLE ONLY public.auth_permission
    ADD CONSTRAINT auth_permission_content_type_id_codename_01ab375a_uniq UNIQUE (content_type_id, codename);


--
-- Name: auth_permission auth_permission_pkey; Type: CONSTRAINT; Schema: public; Owner: postgres
--

ALTER TABLE ONLY public.auth_permission
    ADD CONSTRAINT auth_permission_pkey PRIMARY KEY (id);


--
-- Name: auth_user_groups auth_user_groups_pkey; Type: CONSTRAINT; Schema: public; Owner: postgres
--

ALTER TABLE ONLY public.auth_user_groups
    ADD CONSTRAINT auth_user_groups_pkey PRIMARY KEY (id);


--
-- Name: auth_user_groups auth_user_groups_user_id_group_id_94350c0c_uniq; Type: CONSTRAINT; Schema: public; Owner: postgres
--

ALTER TABLE ONLY public.auth_user_groups
    ADD CONSTRAINT auth_user_groups_user_id_group_id_94350c0c_uniq UNIQUE (user_id, group_id);


--
-- Name: auth_user auth_user_pkey; Type: CONSTRAINT; Schema: public; Owner: postgres
--

ALTER TABLE ONLY public.auth_user
    ADD CONSTRAINT auth_user_pkey PRIMARY KEY (id);


--
-- Name: auth_user_user_permissions auth_user_user_permissions_pkey; Type: CONSTRAINT; Schema: public; Owner: postgres
--

ALTER TABLE ONLY public.auth_user_user_permissions
    ADD CONSTRAINT auth_user_user_permissions_pkey PRIMARY KEY (id);


--
-- Name: auth_user_user_permissions auth_user_user_permissions_user_id_permission_id_14a6b632_uniq; Type: CONSTRAINT; Schema: public; Owner: postgres
--

ALTER TABLE ONLY public.auth_user_user_permissions
    ADD CONSTRAINT auth_user_user_permissions_user_id_permission_id_14a6b632_uniq UNIQUE (user_id, permission_id);


--
-- Name: auth_user auth_user_username_key; Type: CONSTRAINT; Schema: public; Owner: postgres
--

ALTER TABLE ONLY public.auth_user
    ADD CONSTRAINT auth_user_username_key UNIQUE (username);


--
-- Name: django_admin_log django_admin_log_pkey; Type: CONSTRAINT; Schema: public; Owner: postgres
--

ALTER TABLE ONLY public.django_admin_log
    ADD CONSTRAINT django_admin_log_pkey PRIMARY KEY (id);


--
-- Name: django_content_type django_content_type_app_label_model_76bd3d3b_uniq; Type: CONSTRAINT; Schema: public; Owner: postgres
--

ALTER TABLE ONLY public.django_content_type
    ADD CONSTRAINT django_content_type_app_label_model_76bd3d3b_uniq UNIQUE (app_label, model);


--
-- Name: django_content_type django_content_type_pkey; Type: CONSTRAINT; Schema: public; Owner: postgres
--

ALTER TABLE ONLY public.django_content_type
    ADD CONSTRAINT django_content_type_pkey PRIMARY KEY (id);


--
-- Name: django_migrations django_migrations_pkey; Type: CONSTRAINT; Schema: public; Owner: postgres
--

ALTER TABLE ONLY public.django_migrations
    ADD CONSTRAINT django_migrations_pkey PRIMARY KEY (id);


--
-- Name: django_session django_session_pkey; Type: CONSTRAINT; Schema: public; Owner: postgres
--

ALTER TABLE ONLY public.django_session
    ADD CONSTRAINT django_session_pkey PRIMARY KEY (session_key);


--
-- Name: main_userprofile main_userprofile_pkey; Type: CONSTRAINT; Schema: public; Owner: postgres
--

ALTER TABLE ONLY public.main_userprofile
    ADD CONSTRAINT main_userprofile_pkey PRIMARY KEY (user_id);


--
-- Name: questions questions_pkey; Type: CONSTRAINT; Schema: public; Owner: postgres
--

ALTER TABLE ONLY public.questions
    ADD CONSTRAINT questions_pkey PRIMARY KEY (num);


--
-- Name: answers_user_id_d57ecf0e; Type: INDEX; Schema: public; Owner: postgres
--

CREATE INDEX answers_user_id_d57ecf0e ON public.answers USING btree (user_id);


--
-- Name: auth_group_name_a6ea08ec_like; Type: INDEX; Schema: public; Owner: postgres
--

CREATE INDEX auth_group_name_a6ea08ec_like ON public.auth_group USING btree (name varchar_pattern_ops);


--
-- Name: auth_group_permissions_group_id_b120cbf9; Type: INDEX; Schema: public; Owner: postgres
--

CREATE INDEX auth_group_permissions_group_id_b120cbf9 ON public.auth_group_permissions USING btree (group_id);


--
-- Name: auth_group_permissions_permission_id_84c5c92e; Type: INDEX; Schema: public; Owner: postgres
--

CREATE INDEX auth_group_permissions_permission_id_84c5c92e ON public.auth_group_permissions USING btree (permission_id);


--
-- Name: auth_permission_content_type_id_2f476e4b; Type: INDEX; Schema: public; Owner: postgres
--

CREATE INDEX auth_permission_content_type_id_2f476e4b ON public.auth_permission USING btree (content_type_id);


--
-- Name: auth_user_groups_group_id_97559544; Type: INDEX; Schema: public; Owner: postgres
--

CREATE INDEX auth_user_groups_group_id_97559544 ON public.auth_user_groups USING btree (group_id);


--
-- Name: auth_user_groups_user_id_6a12ed8b; Type: INDEX; Schema: public; Owner: postgres
--

CREATE INDEX auth_user_groups_user_id_6a12ed8b ON public.auth_user_groups USING btree (user_id);


--
-- Name: auth_user_user_permissions_permission_id_1fbb5f2c; Type: INDEX; Schema: public; Owner: postgres
--

CREATE INDEX auth_user_user_permissions_permission_id_1fbb5f2c ON public.auth_user_user_permissions USING btree (permission_id);


--
-- Name: auth_user_user_permissions_user_id_a95ead1b; Type: INDEX; Schema: public; Owner: postgres
--

CREATE INDEX auth_user_user_permissions_user_id_a95ead1b ON public.auth_user_user_permissions USING btree (user_id);


--
-- Name: auth_user_username_6821ab7c_like; Type: INDEX; Schema: public; Owner: postgres
--

CREATE INDEX auth_user_username_6821ab7c_like ON public.auth_user USING btree (username varchar_pattern_ops);


--
-- Name: django_admin_log_content_type_id_c4bce8eb; Type: INDEX; Schema: public; Owner: postgres
--

CREATE INDEX django_admin_log_content_type_id_c4bce8eb ON public.django_admin_log USING btree (content_type_id);


--
-- Name: django_admin_log_user_id_c564eba6; Type: INDEX; Schema: public; Owner: postgres
--

CREATE INDEX django_admin_log_user_id_c564eba6 ON public.django_admin_log USING btree (user_id);


--
-- Name: django_session_expire_date_a5c62663; Type: INDEX; Schema: public; Owner: postgres
--

CREATE INDEX django_session_expire_date_a5c62663 ON public.django_session USING btree (expire_date);


--
-- Name: django_session_session_key_c0390e0f_like; Type: INDEX; Schema: public; Owner: postgres
--

CREATE INDEX django_session_session_key_c0390e0f_like ON public.django_session USING btree (session_key varchar_pattern_ops);


--
-- Name: main_userprofile_created_by_id_c4fdbaa8; Type: INDEX; Schema: public; Owner: postgres
--

CREATE INDEX main_userprofile_created_by_id_c4fdbaa8 ON public.main_userprofile USING btree (created_by_id);


--
-- Name: answers answers_question_id_fkey; Type: FK CONSTRAINT; Schema: public; Owner: postgres
--

ALTER TABLE ONLY public.answers
    ADD CONSTRAINT answers_question_id_fkey FOREIGN KEY (question_id) REFERENCES public.questions(num);


--
-- Name: answers answers_user_id_d57ecf0e_fk_auth_user_id; Type: FK CONSTRAINT; Schema: public; Owner: postgres
--

ALTER TABLE ONLY public.answers
    ADD CONSTRAINT answers_user_id_d57ecf0e_fk_auth_user_id FOREIGN KEY (user_id) REFERENCES public.auth_user(id) DEFERRABLE INITIALLY DEFERRED;


--
-- Name: auth_group_permissions auth_group_permissio_permission_id_84c5c92e_fk_auth_perm; Type: FK CONSTRAINT; Schema: public; Owner: postgres
--

ALTER TABLE ONLY public.auth_group_permissions
    ADD CONSTRAINT auth_group_permissio_permission_id_84c5c92e_fk_auth_perm FOREIGN KEY (permission_id) REFERENCES public.auth_permission(id) DEFERRABLE INITIALLY DEFERRED;


--
-- Name: auth_group_permissions auth_group_permissions_group_id_b120cbf9_fk_auth_group_id; Type: FK CONSTRAINT; Schema: public; Owner: postgres
--

ALTER TABLE ONLY public.auth_group_permissions
    ADD CONSTRAINT auth_group_permissions_group_id_b120cbf9_fk_auth_group_id FOREIGN KEY (group_id) REFERENCES public.auth_group(id) DEFERRABLE INITIALLY DEFERRED;


--
-- Name: auth_permission auth_permission_content_type_id_2f476e4b_fk_django_co; Type: FK CONSTRAINT; Schema: public; Owner: postgres
--

ALTER TABLE ONLY public.auth_permission
    ADD CONSTRAINT auth_permission_content_type_id_2f476e4b_fk_django_co FOREIGN KEY (content_type_id) REFERENCES public.django_content_type(id) DEFERRABLE INITIALLY DEFERRED;


--
-- Name: auth_user_groups auth_user_groups_group_id_97559544_fk_auth_group_id; Type: FK CONSTRAINT; Schema: public; Owner: postgres
--

ALTER TABLE ONLY public.auth_user_groups
    ADD CONSTRAINT auth_user_groups_group_id_97559544_fk_auth_group_id FOREIGN KEY (group_id) REFERENCES public.auth_group(id) DEFERRABLE INITIALLY DEFERRED;


--
-- Name: auth_user_groups auth_user_groups_user_id_6a12ed8b_fk_auth_user_id; Type: FK CONSTRAINT; Schema: public; Owner: postgres
--

ALTER TABLE ONLY public.auth_user_groups
    ADD CONSTRAINT auth_user_groups_user_id_6a12ed8b_fk_auth_user_id FOREIGN KEY (user_id) REFERENCES public.auth_user(id) DEFERRABLE INITIALLY DEFERRED;


--
-- Name: auth_user_user_permissions auth_user_user_permi_permission_id_1fbb5f2c_fk_auth_perm; Type: FK CONSTRAINT; Schema: public; Owner: postgres
--

ALTER TABLE ONLY public.auth_user_user_permissions
    ADD CONSTRAINT auth_user_user_permi_permission_id_1fbb5f2c_fk_auth_perm FOREIGN KEY (permission_id) REFERENCES public.auth_permission(id) DEFERRABLE INITIALLY DEFERRED;


--
-- Name: auth_user_user_permissions auth_user_user_permissions_user_id_a95ead1b_fk_auth_user_id; Type: FK CONSTRAINT; Schema: public; Owner: postgres
--

ALTER TABLE ONLY public.auth_user_user_permissions
    ADD CONSTRAINT auth_user_user_permissions_user_id_a95ead1b_fk_auth_user_id FOREIGN KEY (user_id) REFERENCES public.auth_user(id) DEFERRABLE INITIALLY DEFERRED;


--
-- Name: django_admin_log django_admin_log_content_type_id_c4bce8eb_fk_django_co; Type: FK CONSTRAINT; Schema: public; Owner: postgres
--

ALTER TABLE ONLY public.django_admin_log
    ADD CONSTRAINT django_admin_log_content_type_id_c4bce8eb_fk_django_co FOREIGN KEY (content_type_id) REFERENCES public.django_content_type(id) DEFERRABLE INITIALLY DEFERRED;


--
-- Name: django_admin_log django_admin_log_user_id_c564eba6_fk_auth_user_id; Type: FK CONSTRAINT; Schema: public; Owner: postgres
--

ALTER TABLE ONLY public.django_admin_log
    ADD CONSTRAINT django_admin_log_user_id_c564eba6_fk_auth_user_id FOREIGN KEY (user_id) REFERENCES public.auth_user(id) DEFERRABLE INITIALLY DEFERRED;


--
-- Name: main_userprofile main_userprofile_created_by_id_c4fdbaa8_fk_auth_user_id; Type: FK CONSTRAINT; Schema: public; Owner: postgres
--

ALTER TABLE ONLY public.main_userprofile
    ADD CONSTRAINT main_userprofile_created_by_id_c4fdbaa8_fk_auth_user_id FOREIGN KEY (created_by_id) REFERENCES public.auth_user(id) DEFERRABLE INITIALLY DEFERRED;


--
-- Name: main_userprofile main_userprofile_user_id_15c416f4_fk_auth_user_id; Type: FK CONSTRAINT; Schema: public; Owner: postgres
--

ALTER TABLE ONLY public.main_userprofile
    ADD CONSTRAINT main_userprofile_user_id_15c416f4_fk_auth_user_id FOREIGN KEY (user_id) REFERENCES public.auth_user(id) DEFERRABLE INITIALLY DEFERRED;


--
-- PostgreSQL database dump complete
--

